abomasum 
abutilon 
accusative 
acellular 
achaemenid 
acidulous 
acrylate acrylates
adat 
adelgid adelgids
adlib adlibbed adlibbing adlibs
advowson advowsons
aerodigestive 
agrimony agrimonies
albite 
aleatory 
alembic alembics
alginate alginates
aliyah 
alkane 
alkylate alkylated alkylating
allee 
altazimuth 
ambergris 
amerasian 
amharic 
amma 
anchorite anchorites
androstenedione 
anthurium anthuriums
anuran anurans
apatite apatites
aphelion 
apochromatic 
apophatic 
apotropaic 
apparat apparats
appose apposed apposes apposing
appy 
arbalest 
arbutus 
arenaria 
areola 
arete aretes
arioso 
arti 
asphodel 
astir 
astragalus 
ataman atamans
atemporal 
atman 
augean 
auric 
autocad 
autocrine 
autoexec 
autoguider 
automat automats
axiological 
ayah 
babirusa babirusas
babu baboo baboos babus
backchat 
bagasse 
bagatelle bagatelles
baha 
bakelite 
baksheesh 
bandeau 
bandicoot bandicoots
banneret bannerets
barbet barbets
bariatric 
barky 
barm 
barmitzvah barmitzvahs
barnstormer barnstormers
basinal 
basophil basophils
batterie 
bawdry 
bearnaise 
becloud beclouded beclouds
begrime begrimed
bellflower bellflowers
benison benisons
bentonite bentonitic
beringed 
bethought 
betime betimes
betta 
bewigged 
bibelot bibelots
bibulous bibulously bibulousness
biennium 
bilabial bilabials
billhook billhooks
bioaccumulation 
biogenetic 
biopolymer biopolymers
bioregion bioregional bioregions
biostatistics biostatistician biostatisticians
biotite 
blackwater 
blag blagged blagging blags
blepharitis 
bloodroot 
bluestem 
bluetit bluetits
bobblehead bobbleheads
boccia 
bodhisattva bodhisattvas
boff boffed boffing
bollocking bollockings
bombe bombes
boreen boreens
borzoi 
bosky boskier boskiest
bosque 
bouzouki bouzoukia bouzoukis
bovid bovids
brachialis 
brainiac brainiacs
bricoleur bricoleurs
bronchoscope 
bruin bruins
bubo 
buckaroo buckaroos
budworm 
burin 
burthen burthens
butanol 
butterfish 
cabotage 
cabriole cabrioles
caduceus caducei
caladium caladiums
cale 
caliche 
calor 
calque calques
calzone calzones
cambium 
cami 
campagne 
canopus 
capelin 
capercaillie capercaillies
capriccio capriccios
captious captiously captiousness
capybara capybaras
carabinero carabineros
caracol 
carboy carboys
cardiograph cardiographic cardiographs cardiography
carney 
casbah 
casque casques
cassiterite 
casuarina 
casus 
catamite catamites
catamount catamounts
catbird 
cedi cedis
ceefax 
celerity 
centavo centavos
cereus 
ceteris 
chaldean 
chanticleer 
characin characins
chasseur chasseurs
chayote 
chela chelas
chevre 
chien 
chiffchaff chiffchaffs
chiffonier 
chocolatier chocolatiers
chook chooked chooks
chromodynamics 
chur churred churring
churro churros
ciliary 
cinquefoil 
clarkia clarkias
claudication 
clave 
clew clews
coadjutor coadjutors
cockatrice cockatrices
coheir coheirs
coire 
collodion 
colo 
columbarium 
comal 
comestible comestibles
comfit comfits
comlink 
concertino concertinos
concha 
concours 
confect confected confects
config 
conformal 
congee 
connubial 
consigliere 
consubstantial 
cooee 
corolla corollas
cosmogony 
costive costively costiveness
cotillion cotillions
couchette couchettes
countervail 
courser coursers
coving covings
coxcomb coxcombs
cozen cozened cozener cozeners cozening cozens
crake crakes
craniotomy 
crannog crannogs
crawdad crawdads
cresset cressets
cricoid 
crudites 
cryptanalyst cryptanalysts
cryptology 
cuatro 
culler 
cullet 
cumbia 
curricle curricles
cyclorama 
cynosure 
daguerrotype daguerrotypes
damascene damascenes
dashpot dashpots
debark debarked
dehorn dehorned dehorning dehorns
dejeuner 
deke dekes
demarche 
demerara 
demerge demerged demerges demerging
demijohn demijohns
demiurge 
demountable 
dermatologic 
descale descaling
destrier destriers
dhobi dhobis
digraph digraphic digraphically
dimeric 
diopter diopters
dioptre dioptres
diplodocus 
dirks 
dirndl 
dismast dismasted dismasting dismasts
dissentient dissentients
disunion 
diuresis 
dolerite dolerites
domine 
domus 
dongle dongles
donjon donjons
doodlebug doodlebugs
doofus 
dorsum 
douceur 
doula doulas
doxycycline 
drolly 
duce 
duddy 
duende 
dumbass 
dunderhead dunderheads
durbar durbars
dure 
duro 
dysuria 
dz 
echidna echidnas
echolalia 
eclat éclat
ecocentred ecocentric
ectomorph ectomorphs
edam edams
eddoe eddoes
egad 
eld 
electret 
electroluminescent electroluminescence
elodea 
emerita 
emmental 
empyema empyemas
empyrean 
encephalomyelitis encephalomyelitic
endarterectomy 
endomorph endomorphs
enure enured enures enuring
eosinophilia 
epicene epicenism
eponym eponyms
equipage 
equipoise 
erysipelas 
estriol 
euonymus 
eurythmic eurhythmics
eustatic 
examen 
executrix 
exeunt 
exilic 
extramusical 
extranet extranets
extremophile extremophiles
extremum 
eyetooth eyeteeth
fabulist fabulists
faff faffing
faille 
fangled 
fas 
fash 
felicitation felicitations
fellate fellated fellating
feminazi feminazis
femora 
femoris 
fermata fermatas
ferricyanide 
festal 
fibreoptic fibreoptics
fice 
fiddlehead fiddleheads
fieldfare fieldfares
flam 
flense flensed flenses flensing
flibbertigibbet flibbertigibbets
floc flocs
fluence 
fluoxetine 
fomite fomites
fontanelle fontanel
forecastle 
forestay forestays
formant formants
fortiori 
foulard 
frae 
franglais 
frascati 
freestone 
freeware 
frisket 
frit frits
froufrou 
fucose 
fuddy 
fungoid 
fusspot fusspots
fuze 
gallimaufry 
gamba 
gamboge 
ganger gangers
garni 
garron garrons
gasometer gasometers
gasper gaspers
gastro 
gastrocnemius 
gelid 
gelt 
gentil 
gentoo gentoos
geoeconomic geoeconomics
geomancy 
gerund gerundive gerunds
gharial 
ghazi 
ghillie 
gimpy 
gite gites
glassine 
glia 
glomerulonephritis 
gloxinia 
glutamic 
glyceryl 
gnosis 
goanna goannas
goosander goosanders
gramercy 
grapey 
grapnel grapnels
graticule 
gravlax 
greengage greengages
greylag greylags
greyscale greyscales
gricean 
gringa 
groundsel 
groyne groynes
guan guans
guidon guidons
gymslip gymslips
gypsophila gypsophilia
hacendado hacendados
hackberry 
haem 
hame hames
hanse 
harissa 
haugh 
hausfrau 
hayrick hayricks
hedera 
helioseismology 
hellion 
hematocrit 
heterodiegetic 
heterojunction heterojunctions
heterotopic 
hetman hetmans
heuchera heucheras
hibachi 
hight 
hijinks 
hilar 
hobbyhorse hobbyhorses
hocus 
hogback hogbacks
holotype 
homeobox homeoboxes
homeotic 
homiletic 
homiletics 
homoeopath homoeopaths
hotpot hotpots
hyaline 
hydrilla 
hydrochlorofluorocarbon hydrochlorofluorocarbons
hydroid hydroids
hydrometer hydrometric
hyperacusis 
hypercalcemia 
hypercritical 
hyperextension 
hyperpigmentation 
hypostasis 
hypothec hypothecs
idiographic 
ikebana 
ileus 
imbrication imbrications
immunochemistry immunochemical immunochemically immunochemist
imprest 
inamorata inamoratas
incipit incipits
infanta infantas
infrasonic 
initio 
inseam 
inspirit inspirited inspiriting
isolette 
isopach isopachs
isotropy 
isotype isotypes
istituto 
jackalope jackalopes
jalousie jalousies
jerrican jerricans jerrycan jerrycans
jetset jetsetter jetsetting
jingo 
joinder joinders
jupiter 
kachina kachinas
kahuna 
kanamycin 
kanban kanbans
kauri kauris
keek keeked keeking keeks
kelim kelims
kempt 
kenosis 
kerygma 
kilim 
kinescope kinescopes
kir 
kirtle kirtles
kist kists
klatch klatches
kokanee 
kopje kopjes
kora 
kugel 
kwacha kwachas
kyat kyats
lanthanum 
lazarette lazarettes
leatherneck leathernecks
lebensraum 
lehr lehrs
leptospirosis 
libri 
lief 
lilo lilos
lithic lithics
llano llanos
lobectomy 
loganberry loganberries
longeron longerons
longjohns 
longueur longueurs
lucerne 
lugworm lugworms
luminaria luminarias
luvvie luvvies luvvy
lycanthrope lycanthropes lycanthropy
lycopodium lycopodiates
lymphadenitis 
lys 
macrophyte macrophytes
madisonian 
madrone 
magnifico 
maguey 
majeure 
makeweight makeweights
maki 
maleficent 
mallee 
mandrake 
mangonel mangonels
mangosteen mangosteens
manicotti 
manics 
manky 
mannose 
mantissa 
manzanita 
marabout 
mariposa 
marsala 
martingale martingales
mastoiditis 
matricide 
maxillofacial 
mealie mealies
mealworm mealworms
medius 
meerschaum meerschaums
megadose megadoses
melamed 
melisma melismas
menhir menhirs
meningeal 
menorrhagia 
mensa 
mentis 
mephitic 
meristem meristems
mesne 
meso 
mestiza 
meticais 
metricate metricated metricates metricating metrication metrification metrified metrifies metrify metrifying
metroplex 
metrosexual 
mezuzah 
microcassette microcassettes
micropayment micropayments
microsphere microspheres
mikveh 
milometer mileometer mileometers milometers
milquetoast 
minatory 
mingy mingier mingiest minginess
minicar minicars
minoxidil 
miras 
mish 
mitomycin 
mizzen mizen mizens mizzens
modulo 
moke mokes
monocotyledon monocot monocots monocotyledonous monocotyledons
monoglot 
monopsony 
moonflower moonflowers
moppet moppets
moquette moquettes
mora 
mors 
mortadella 
morts 
motivic 
muchacha muchachas
mucopolysaccharide mucopolysaccharides
mucormycosis 
mudlark mudlarked mudlarking mudlarks
mugshot mugshots
mugwort 
muniment muniments
muscadet 
mutandis 
mutatis 
muumuu muumuus
naevus 
narcosis 
narcotrafficker narcotraffickers
nare nares
natterjack natterjacks
negritude 
nellist 
nematic 
neuritis 
neurodevelopment neurodevelopmental
neurofibromatosis 
niblick niblicks
nimrod 
nitrosamine nitrosamines
noddle noddles
noetic 
nog nogs
nolo 
nominative nominatives
nones 
norovirus noroviral
novocaine 
nuclide nuclidic
numan numen
nutraceutical 
nutriment 
obeah obeahs
ocotillo ocotillos
oculus 
olefin olefine olefines olefins
oliguria 
onchocerciasis 
ondansetron 
oolong 
operon operons
organon 
orgone 
orthostatic 
osseous 
osteotomy 
otolith otoliths
ototopical 
oud ouds
ovine 
oviparous 
oxyacetylene 
oxycodone 
oyez 
padrone 
pahoehoe 
palazzi 
palliasse palliasses
pandanus 
panne 
pantechnicon pantechnicons
papaver papavers
papillon papillons
paramecium paramecia
parang 
parathion 
pardoner pardoners
parian 
parol 
parrotfish 
parsi 
partita partitas
pash pashed pashes pashing
pashmina pashminas
passionflower passionflowers
pathognomy pathognomonic
patrilineage patrilineages
patrilocal 
patristics 
pattens 
peacoat peacoats
pedalo pedalos
pedicab pedicabs
pedicel pedicels
pedicle pedicled
pedipalp pedipalps
peignoir 
pekingese peke pekes pekingeses
pemmican 
pennon pennons
pentimento pentimenti
pericardial 
perilymph 
periphrasis periphrases periphrastic
petro 
petrous 
pettifog pettifogged pettifogger pettifoggery pettifogging pettifogs
pharmacotherapy 
phatic phatically
phenology 
phenyl phenylic
philtre philtres
phimosis 
phosgene phosgenes
phytonutrient phytonutrients
pianism 
piastre piastres
picayune 
piker pikers
pileus pileated
pima 
pinnace pinnaces
pinochle 
pinus 
pipefish pipefishes
plastron plastrons
plexiglas 
pluperfect pluperfects
pluton plutonic
pochard pochards
poesy 
polder polders
poltroon poltroons
poteen potheen
potentilla 
pouffe pouffes
poult poults
praesidium praesidiums
presbyopia 
prescind prescinded prescinding prescinds
prithee 
procaine 
propolis 
prussic 
psephology psephological psephologist
psychodynamics 
pulsatile 
punctilio punctilios
punnet punnets
purchas 
purty 
puttee puttees
pyrethrum 
pyrophosphate 
quagga 
quaich 
quale 
quantile 
quare 
quercetin 
quern querns
quickstep quickstepped quickstepping quicksteps
quiddity quiddities
quirt quirts
radula 
raff 
raki 
raku 
rambutan rambutans
ramie 
rancheria rancherias
rarefaction rarefactions
ratbag ratbags
rath 
ratu 
rebarbative rebarbatively
regnant 
renascent renascence
repine repined repiner repiners repines repining
rete 
rheostat rheostats
rhinorrhea 
ribavirin 
riprap riprapped riprappin ripraps
rissole rissoles
riyal riyals
rockling rocklings
roentgen roentgens
rogation rogations
rosebay 
rouille 
roundhead roundheads
rozzer rozzers
rubaiyat 
rubus 
ruddle ruddled ruddles ruddling
sabra 
sacristan sacristans
sado 
saker sakers
salina 
salmonellosis 
salmonid 
sana 
sapphic 
saran 
sasquatch 
satori 
saturnalia saturnalias
sayonara 
scandalmonger scandalmongering scandalmongers
scapegrace scapegraces
schlemiel 
schloss 
scilla 
scrump scrumping
scumble 
scurf scurfy
selenite 
selva 
sensorium 
septet septets
serac seracs
serenata 
seriatim 
sesquicentennial 
sestina 
shallop shallops
shantih 
shigella 
shirty shirtier shirtiest
shutterbug shutterbugs
siamang siamangs
sika 
siphonophore siphonophores
sippy 
sirrah 
skidoo skidoos
slub slubs
snood snoods
snoot 
socioemotional 
soke 
soleus 
solidus 
sone sones
sorbitol 
soupcon soupcons
spaghettini 
spermatophore spermatophores
spica 
spile spiles
spinel spinels
spink 
spinneret spinnerets
spiracle spiracles
splenectomy 
spoonerism spoonerisms
sporophyte sporophytes
sprog sprogs
stalag stalags
stane stanes
steatite 
sternocleidomastoid 
stilton stiltons
stoa stoas
stollen stollens
stover 
strabismus strabismic
strasse 
streptavidin 
stridor 
styloid 
supercenter 
supercollider 
superfood superfoods
supermom supermoms
supernaturalism 
superrich 
supracondylar 
surcease 
susurration susurrations
swansdown 
sweeny 
symphysis 
symphytum 
synesthesia 
synodic 
syrah 
systole systoles
tabbouleh 
tabu tabus
tache 
tailgater tailgaters
tamarack 
tapa 
tarsus tarsi
tattie tatties
technophile technophiles
technophobe technophobes
telemedicine 
telescreen telescreens
temporalis 
tenebrous 
tenia 
tenrec tenrecs
tenuis 
teratogenic 
tertian 
tet 
tetrodotoxin 
thermidor thermidors
thermocline 
thermoelectric 
thermosetting 
thingummy thingummies
thoracotomy 
threnody threnodies
tiddlywink tiddlywinks
tightwad tightwads
timbrel timbrels
tintype tintypes
tippex 
tiptop 
titchy 
titi 
tondo 
tonneau 
tradewind tradewinds
tragicomedy 
transdermal 
transgenerational 
translocal 
travois 
trichloroacetic 
trifoliata trifolii trifolium
trine 
trioxide 
trivium 
trommel 
tugrik tugriks
tunicate tunicates
turtledove turtledoves
twinkie 
twinset twinsets
twofer 
tyrosinase 
umbo umbones umbos
unitard unitards
uridine 
uxoriousness uxorious uxoriously
vair 
valse 
velocipede velocipedes
vermeil 
versicolor 
vervain 
vibrio vibrios
virago viraginous viragoes viragos
vireo vireos
virgate virgates
virtu 
visuospatial 
vittles 
voluptuary voluptuaries
vorticist vorticism
voussoir voussoirs
vulpine 
waddy waddies
washy 
weigela 
whereat 
whippoorwill whippoorwills
widgeon widgeons
wiseass wiseasses
wodge wodges
woosh wooshed wooshes wooshing
worrywart worrywarts
wurst 
wych 
xeric 
xerography xerographic
xtra 
yellowcake 
yellowhammer yellowhammers
yeuk yeuking
yod yodh
yucatecan 
zabaglione 
zeitung 
zenithal 
zoomorphic 
zoster 
zouave 
eggnog eggnogs
metempsychosis metempsychoses metempsychosist metempsychotic metempsychotically

